,BIOFILME,CHORUME,LODO,OLEO,PEIXE,SEDIMENTO,SOLO
1CMET2-PWY,0.002222989861796168,0.004497608632040803,0.00510014843555348,0.00499449888217432,0.00519341166873587,0.004782957612776611,0.005071425598352108
3-HYDROXYPHENYLACETATE-DEGRADATION-PWY,3.8622586262773163e-07,6.609623477790473e-05,0.00010517444750969242,0.00025420515843960976,0.0001274354976719935,0.00016853052313470934,0.0002461964196808226
AEROBACTINSYN-PWY,0.0,0.0,5.902534195373699e-06,0.0,9.335286790452995e-07,3.284605906103721e-06,9.511895841168375e-06
ALL-CHORISMATE-PWY,5.46126041510749e-06,8.40727016729566e-05,0.0005102136627686823,0.0015906735952841938,0.0009774991407645376,0.0008958149572832234,0.0017018728618503043
ANAEROFRUCAT-PWY,0.005410664429769741,0.0045831838416013435,0.004663614034194704,0.004541144985251679,0.005170685604391544,0.0044711495937321795,0.004302445189692812
ANAGLYCOLYSIS-PWY,0.0053423409947054665,0.006977620062030518,0.006766498345776056,0.006440078089478037,0.006138699505142218,0.006838517869201303,0.005887218149025053
ARG+POLYAMINE-SYN,0.0013078581134172175,0.0015878564212353586,0.001848048872337657,0.0023561357342154034,0.0027709171806787813,0.00222728545425106,0.002429253525614003
ARGDEG-PWY,5.327795265971424e-07,4.5046667463607943e-07,9.667502680689129e-05,1.715642576120891e-05,4.0814761842603433e-05,2.054212306867276e-05,0.00010042821417987717
ARGORNPROST-PWY,0.00010269537957315445,0.0007309998337552189,0.0013533534424993725,0.0012790271244496922,0.002026900115755817,0.0012083999175226282,0.0007097071608799968
ARGSYN-PWY,0.0118626417285658,0.006344271356993053,0.005322796997993664,0.004990589374022149,0.00479447501723249,0.005868888071142019,0.0043519641344207435
ARGSYNBSUB-PWY,0.012247368994958692,0.00655322562017237,0.00596018775604577,0.005184359978441673,0.005553319750249162,0.006391161270882327,0.005027796188289972
ARO-PWY,0.004232936429127287,0.005423092941365675,0.006486704070615878,0.005841507400551566,0.005974708113926907,0.0064105144287270955,0.005580437775609503
ASPASN-PWY,0.00221547208849574,0.002286022307368799,0.0031152508619105962,0.0029854901491268493,0.0015550915439216622,0.0019011416858398455,0.0012250166895601783
AST-PWY,2.2834646003530248e-07,0.00022046848590245193,0.00044350159976200504,0.0008225246921428854,0.00015402226558560074,0.00039299090137821937,0.0004424193139392761
BENZCOA-PWY,0.0,0.0,1.0802943262085188e-06,0.0,0.0,0.0,3.1307358112879544e-05
BIOTIN-BIOSYNTHESIS-PWY,1.909350484443845e-05,0.002018428018570591,0.003403516341842495,0.0032064974269740546,0.003543927311667139,0.0030176468644870194,0.004308080794410554
BRANCHED-CHAIN-AA-SYN-PWY,0.013151629275053346,0.0077995447591279006,0.007731567295067759,0.00725808206195216,0.007401885667377668,0.008003777590562578,0.007300189809634075
CALVIN-PWY,0.010035506004494177,0.007674195549234433,0.007149162654513829,0.0063786003463786696,0.006500342941733306,0.006855177107808847,0.005661237680566876
CATECHOL-ORTHO-CLEAVAGE-PWY,0.0,0.00017933469453222442,0.0005712302116483453,0.00022611768142715563,0.00072178199255593,0.0002714589980953314,0.0003181122207284675
CENTBENZCOA-PWY,0.0,4.492571794516041e-06,1.145665797457738e-05,8.003213256347155e-05,2.0558710346671958e-07,1.1229913628592562e-05,6.764718874000339e-05
CENTFERM-PWY,9.801675108267933e-05,0.0010821408726503555,0.0012999175969946293,0.0025080762388691538,0.0015004920250629168,0.0017074276574880005,0.0005465608422433438
CHLOROPHYLL-SYN,0.0,2.3719109928767357e-05,6.708964594130472e-05,0.0,3.063125547535001e-05,3.379174362170595e-05,5.405637611423567e-05
COA-PWY,0.012320399111934215,0.00809655718919902,0.006240051384125959,0.005819919638006195,0.0055498284463941965,0.006286752921473815,0.005430719487103521
COBALSYN-PWY,0.0013879289258494926,0.002298204905588334,0.004130641785176266,0.0038511032841168718,0.003968655825540812,0.0034660602198422403,0.002186596837379578
CODH-PWY,0.00034775625486158985,0.0008459205457491797,0.0011220846384680735,0.0009379964501673205,0.0005746542320157188,0.0021985329821068503,0.0006321670657589608
COLANSYN-PWY,0.0007534327731890662,0.0035438199730599505,0.004447185497339622,0.0034278744858750798,0.0033141741577250384,0.0041076496702968455,0.003954601860257891
COMPLETE-ARO-PWY,0.004682205456688034,0.005725731526293206,0.006829628575354785,0.006173603745834498,0.006233115501865741,0.006807306936975284,0.00592429272169692
CRNFORCAT-PWY,0.0,2.1600506161511657e-05,0.00011330871786610862,0.00030229222572093333,0.0002509679669438346,3.3186398939707384e-05,0.00015563209823715707
DAPLYSINESYN-PWY,0.012137059582834456,0.006107363895564283,0.004916978050669862,0.00492652448160636,0.005477475092936434,0.004941613757599617,0.004904959366376317
DENITRIFICATION-PWY,9.185913537255794e-06,7.728521950007304e-05,0.0007650160299904298,0.0003527103239450333,0.0005398492383740791,0.00037102378644484414,0.0010405732107460954
DENOVOPURINE2-PWY,0.00850689249532171,0.007223596375220185,0.005196999996223459,0.005554247772441713,0.005039921106052207,0.005276962978066231,0.0036797211230520485
DHGLUCONATE-PYR-CAT-PWY,0.0,4.606111688027517e-05,2.0393352691662475e-05,0.00011131548135944155,2.6731267270954587e-05,0.00014828215531926614,0.00012625537316885013
DTDPRHAMSYN-PWY,0.012663580594037126,0.007975451444831588,0.006093078894418121,0.00621074060803677,0.005405481325976068,0.006354911261059137,0.005573971807957717
ECASYN-PWY,4.829889752928233e-07,1.9652284383877508e-05,2.8091933159592386e-05,0.00021082859632522876,2.4712569255239745e-05,4.149962567585826e-06,0.0
ENTBACSYN-PWY,1.21297839008444e-06,0.00021542539000313934,0.00047164439718758915,0.0012147029854506866,0.0005496248700586147,0.00029140090602994967,0.0006670655049538362
FAO-PWY,5.65654372061877e-05,0.0027839906939110416,0.004172265283570903,0.004138332080585287,0.0061700158277994775,0.004588427083622987,0.0064032516539878495
FASYN-ELONG-PWY,0.00047461474944408794,0.005193021686551718,0.007636688498930148,0.007180785071110893,0.006334212916048724,0.006267223616491784,0.007513244030598488
FASYN-INITIAL-PWY,1.756714599737411e-05,0.001991783624415467,0.003458988132463622,0.0039110017389567256,0.0037034234424718525,0.0029365712181619263,0.005531118667972924
FERMENTATION-PWY,0.00024292580348306405,0.0032445280009166626,0.003317825599105219,0.0038697568369600315,0.003556678528361806,0.0033536574487019284,0.003226495637994698
FOLSYN-PWY,0.0009278353367069606,0.004268254976902592,0.0051256615772514134,0.00508550061575797,0.005140101817840917,0.004813390306684761,0.005124138810446141
FUC-RHAMCAT-PWY,6.504917876486442e-06,9.909726274128832e-06,0.0001489229534585866,0.00043247489366320314,7.865734105371399e-05,6.71958598565534e-05,0.0
FUCCAT-PWY,4.2193478305366804e-05,0.0004422156349659627,0.0002982747016745969,0.0005421046560641469,9.443581758809972e-05,8.58984883817744e-05,1.6968663194229765e-05
GALACT-GLUCUROCAT-PWY,1.3569628552722052e-05,0.0004037789552279278,0.000563918586628428,0.0015223681914268582,0.0004757616972295431,0.0003723211527469024,0.0007181083386062464
GALACTARDEG-PWY,4.55508297830702e-06,0.00015134854854893828,0.00021992104443984176,0.0003190410623296549,0.0001547273024590189,3.516328371837893e-05,0.00013470546791769539
GALACTUROCAT-PWY,2.3317308518470442e-05,0.0008714466839870851,0.0012770747348274148,0.0023546367407484415,0.0012570728682471557,0.0007044157157405408,0.0014666563926994838
GALLATE-DEGRADATION-I-PWY,2.283464600353025e-06,5.336125914130385e-05,0.00023635103014984295,0.00015263305695256178,0.00028700990657986724,0.0001245196589804357,0.0001806431124911352
GALLATE-DEGRADATION-II-PWY,0.0,1.2421943346145585e-05,0.00013987414797548374,8.911507048152584e-05,9.491286333000441e-05,2.6475931711222222e-05,0.0001602151408791345
GLCMANNANAUT-PWY,8.52777321126976e-05,0.0007443043294203322,0.0003512821718980814,0.0007451965799559405,0.0003990889890743668,0.00014405472110116856,0.00013353232399728517
GLUCARDEG-PWY,4.55508297830702e-06,0.0001526300493150754,0.0002344542942185964,0.00032285225065730735,0.00015623846673774422,3.550427059776271e-05,0.00015008009927439475
GLUCARGALACTSUPER-PWY,4.55508297830702e-06,0.00015134854854893828,0.00021992104443984176,0.0003190410623296549,0.0001547273024590189,3.516328371837893e-05,0.00013470546791769539
GLUCONEO-PWY,0.005429599856085551,0.007329225521591457,0.006217968294546664,0.005770027684780222,0.005539709144917021,0.005694656470174358,0.00535779123507283
GLUCOSE1PMETAB-PWY,4.5667637742127435e-07,0.0010345995508991071,0.001192005771414563,0.001523018101692515,0.0015497023839353172,0.0011131858193635601,0.0013319376440776094
GLUCUROCAT-PWY,3.532416472571491e-05,0.0004546065593094373,0.0006670589475646839,0.001746438120114787,0.0005832665068732324,0.0004419860830345357,0.0007093960065136446
GLUTORN-PWY,0.011376682392816697,0.005947992879369014,0.005617654435426693,0.0048436374879065975,0.005250436688934433,0.005866082009822311,0.005238390199120847
GLYCOCAT-PWY,0.0009722545290057476,0.0032409418076608134,0.0039752597945229805,0.00497912765210253,0.004397961416180819,0.004370003607729531,0.003430793346439789
GLYCOGENSYNTH-PWY,0.002554511662188282,0.0034428523673555624,0.003688059970000044,0.004554481339806275,0.004829495922806202,0.004744272519579024,0.0034717570199173935
GLYCOL-GLYOXDEG-PWY,2.9623324545120314e-07,3.6911547825215843e-06,7.00803923281873e-05,8.878025714784052e-05,0.00010393510969013688,4.809553617046408e-05,0.0
GLYCOLYSIS,0.005435449567300163,0.006426126365018451,0.00640570034778222,0.005615039617074869,0.005915879545056697,0.006542312939581082,0.00547533000059875
GLYCOLYSIS-E-D,0.0006538512634141223,0.003048866574952171,0.003669087219876311,0.004359233102097132,0.004532280606661488,0.004127475044275947,0.0043936134277204365
GLYCOLYSIS-TCA-GLYOX-BYPASS,8.42402797328901e-05,0.0017104337509040888,0.003314933570215146,0.0035890131592594956,0.004572285771259172,0.004170500498611379,0.004695647327651548
GLYOXYLATE-BYPASS,3.2372691042345296e-05,0.0012682557792198805,0.00247335685826598,0.0023956053913314255,0.003354624762231255,0.0025330961589321733,0.0035900142770895656
GOLPDLCAT-PWY,0.0,5.930704585014512e-05,0.00010359042849947417,0.0001116780949134687,8.851774078580838e-05,0.0001432716266851591,2.7631660100605758e-05
HCAMHPDEG-PWY,3.276275296158687e-07,7.5140379119735165e-06,7.52592352467745e-05,8.761702828297755e-05,0.00023127265266419824,1.2823817531541095e-05,0.00034969226437745604
HEME-BIOSYNTHESIS-II,3.153234302546753e-05,0.0019079430867444628,0.0032089200354799186,0.002345015923323628,0.0031137862067147607,0.0027755395273392877,0.003890253155717563
HEMESYN2-PWY,0.00015419429392222434,0.0033088582877353456,0.004686669251617333,0.0041062272320790995,0.004671094961109841,0.0049070330505215955,0.005310345670953402
HEXITOLDEGSUPER-PWY,3.155606202040477e-05,0.0003975157623381081,0.0003861110061269326,0.0012868114164199154,0.0009248565971846353,0.0007731070237457081,0.0006839772893460916
HISDEG-PWY,0.00013686742482552487,0.0037827989188949076,0.0025779781525204462,0.0026656992987943713,0.0026611191868685267,0.002429486117897032,0.003113276021134378
HISTSYN-PWY,0.012207787086415225,0.0059250152449535866,0.0058565709417272875,0.005158814019163947,0.005187539733189651,0.005944139234281739,0.005225426476661421
HOMOSER-METSYN-PWY,0.001187198511776601,0.0014303515449373588,0.001949947516874106,0.002729932078513477,0.002535815851458963,0.0021214173388489706,0.00235395982306097
HSERMETANA-PWY,0.01071530078274765,0.003318320592993101,0.004630629346941002,0.004015032682378337,0.005181434302020845,0.0036158150178991037,0.004622363435497095
ILEUSYN-PWY,0.013391623575020982,0.007993575587027976,0.00816785432321295,0.007843129432773072,0.00800190328539758,0.008104152658915164,0.007935827671452397
KDO-NAGLIPASYN-PWY,1.7633355515715446e-06,6.787641419168465e-05,0.0002586052493928898,0.001256739127036689,0.0003293674392224326,0.0004309678849532457,0.0001823900109178067
KETOGLUCONMET-PWY,0.0,5.401972060210488e-05,0.00015118726240744446,0.00029097722638415886,9.771248422283096e-05,5.502305693810821e-05,6.368022436716202e-05
LACTOSECAT-PWY,0.0,2.792757920375364e-07,2.2880121630627395e-05,1.9377043212125946e-05,8.599867062616107e-05,8.257523596321497e-05,0.0
LEU-DEG2-PWY,2.8890181046930028e-05,0.0017060212529806374,0.0024414352359580205,0.0022664025143224924,0.0030126387975846986,0.0022930153373718286,0.0035563175355226837
LIPASYN-PWY,0.0,1.3118712525472513e-06,1.600647885112329e-05,0.0,0.00020211271335491903,3.998487721738251e-06,8.74636950532731e-05
LPSSYN-PWY,1.1935643916218484e-06,3.802870698179944e-05,1.9597466736677335e-05,0.0004039700382016184,1.6862155553627463e-05,8.365129985222473e-06,0.0
MET-SAM-PWY,0.0020846174954161443,0.0023280398839196116,0.0028418638626251684,0.0037566382993268125,0.0034695575874550727,0.003140482482326399,0.0033908718446266986
METH-ACETATE-PWY,0.0016139581624093706,0.0015651034748148083,0.0012200627691147802,0.0011091368591876988,0.0010164081061897064,0.0018948535398785064,9.407951850573016e-05
METHANOGENESIS-PWY,0.01459192843259473,0.0020231518564066994,0.0001860169437749883,0.0002234627906891044,0.00031054025704181973,0.00036791763396769686,3.599642619681768e-05
METHGLYUT-PWY,5.676389526074347e-07,7.197712737391853e-07,6.0554305200011785e-05,5.191534874442373e-05,3.55648787107395e-05,9.881822111237114e-06,3.527155128063878e-05
METHYLGALLATE-DEGRADATION-PWY,2.852566247368631e-06,6.509316701702176e-05,0.00028133950723184455,0.00018912767737913074,0.0003532373589449725,0.00015451394265707328,0.00021868653055528514
NAD-BIOSYNTHESIS-II,0.011890257478952549,0.00043529566381018183,0.0005729069944576302,0.0006080565713644661,0.0012759309455538284,0.000596016960536682,0.0007802892483194821
NADSYN-PWY,0.0,0.00017898024386474857,0.0003585086663932631,0.00037230257579665555,0.00090608492078315,0.00049100537651381,0.0014855824401592583
NAGLIPASYN-PWY,0.00018557903950027483,0.005239070021791725,0.004557167201224936,0.0037386016228755686,0.003035065100537171,0.0035511338868665864,0.004462437628658107
NONMEVIPP-PWY,0.002119256873640666,0.005666768408922897,0.005711907861208655,0.005089016243919394,0.004766676979517481,0.005073799669493907,0.004658449721149744
NONOXIPENT-PWY,0.0031482094006069564,0.008831480953587474,0.00815816675410184,0.007421046809212757,0.007110571512805489,0.00747550865775533,0.00646335670484371
OANTIGEN-PWY,0.005725609499859728,0.005636013818076004,0.005221897797672879,0.005049134260552909,0.005072266187715385,0.005923745226549457,0.004958534927145343
ORNARGDEG-PWY,5.327795265971424e-07,4.5046667463607943e-07,9.667502680689129e-05,1.715642576120891e-05,4.0814761842603433e-05,2.054212306867276e-05,0.00010042821417987717
ORNDEG-PWY,4.5497796355513124e-07,3.9613235922285185e-07,0.00012673411033661605,0.00025887615271252856,8.894714269912574e-05,3.525719888092707e-05,0.0
P101-PWY,3.804836859201903e-06,0.0012082325950717404,0.00032483334196874034,0.00017478790119967305,0.00040456854010118893,0.0002541738067793378,0.0006929147846463577
P105-PWY,0.0001779892407473559,0.0020908607933744516,0.004441103066815878,0.00424047361884992,0.0054398507785944905,0.005168853101844968,0.005984249242064003
P108-PWY,0.00036386344683668275,0.00451818728184702,0.00492167807538229,0.0042757456106492795,0.004202901336085952,0.00535921791712285,0.004883138642822546
P122-PWY,1.4926680594493261e-05,0.0003137116788717551,0.0008449552766824348,0.0015095981969856797,0.002049071124822965,0.0009940008956163505,0.0011427026940286217
P124-PWY,4.492420455604055e-05,0.0003781373930854388,0.0011252836170570495,0.0016927143555009632,0.0024973153147077997,0.0011719704490456425,0.0018207045269664603
P125-PWY,3.4246834258902472e-06,0.00025055981630810084,0.0003428382858323749,0.000822340184160552,0.0003180589523619189,0.0002514462614116917,0.00046591757503528
P161-PWY,0.0020654768174595472,0.0018731803909671928,0.0026387350502350055,0.00392910995623444,0.002492995429746753,0.0024727029304862135,0.0019518522061688192
P162-PWY,3.88883727153927e-05,5.94999507120772e-05,0.0005374774495875127,0.0004300333103304276,0.00039443816209799637,0.00021810010348511386,0.0
P163-PWY,1.766860269700866e-05,0.0002904930585311787,0.000285407838775083,0.00024881125366134625,0.0004407403845170489,0.0003091820759521191,7.24445999946387e-05
P164-PWY,0.0001380049172061125,0.0013363965574253493,0.0021619015114457824,0.002271824868512215,0.0031430378324852994,0.002344781209520501,0.0021263971246091645
P184-PWY,2.9049208456170072e-06,5.944350798584103e-05,0.00024225133256280823,0.00017303562345696662,0.00030816964902520273,0.00015249953914932754,0.0002078432487190495
P221-PWY,0.0,0.0007445424930645064,0.0008935058919786894,0.0004429270911482634,0.0016839861880436756,0.0006250409523621186,0.0017764528121766029
P23-PWY,0.00035857107074809306,0.0036868196540783232,0.004926832641327689,0.004600942287093411,0.005399927107658675,0.005754419744137541,0.005638084564640758
P241-PWY,0.014395375996709448,0.0019521921100811843,0.00019068123585401863,7.689967180320979e-05,0.00024422744135653516,0.00034703055427107437,0.0
P261-PWY,9.81859528291806e-05,6.700748254734117e-05,5.8588112724385126e-05,8.001076498936832e-05,0.00018658630104914314,7.372151104003102e-05,0.00011114526402905859
P281-PWY,3.4251969005295366e-06,0.00017720750445684625,0.00033850660767891606,0.0004183440577746766,0.0008839405577327115,0.000216282423941678,0.0005901571893432233
P341-PWY,0.0007155583207132079,0.0017789410144521,0.00020011708661803556,0.00016167649976064544,9.788843135595301e-05,0.00041270551699497843,0.0
P381-PWY,0.0,3.0082829367803507e-05,0.00048203034229366633,0.0006125615639558809,0.00038151572056518317,0.0005992371958837773,0.0003315222644156236
P4-PWY,0.0005696074884867345,0.002430778113941676,0.003590987495006473,0.004124282769606494,0.004481120263236289,0.003964229173247155,0.004111105081513873
P42-PWY,0.02668359551445803,0.008310076626632714,0.006786000684885379,0.006440799802016546,0.005528662045607985,0.007749373444993495,0.004830066292117615
P441-PWY,0.0002581973366429351,0.001041138811403095,0.0008696018656969601,0.001814534301053452,0.0010160826351357961,0.00043785654630358953,0.0003569554409770689
P461-PWY,2.7838947097893767e-05,0.0003462488946750026,0.00032866736411392157,0.0009156317206339212,0.00042634408892721617,0.0006052796020766214,0.00030358708342600283
P562-PWY,0.0,0.00015492828256497988,0.0002911040795496112,0.00034265118285460334,0.0005328146834939888,0.00023023750013242655,0.0005401107945871904
P621-PWY,0.0,2.302264254437277e-06,3.689788651287581e-05,5.1179516670625865e-05,1.2690051458914102e-05,8.480395619565026e-06,3.6222800552755204e-05
PANTO-PWY,0.0015327059098758854,0.006119709297465743,0.005498805804776835,0.005216942946142572,0.0048644542244566675,0.005468039037157166,0.005113267083678661
PANTOSYN-PWY,0.0025768314579118967,0.0066182801257926175,0.005490384507659956,0.005150278168969544,0.004881920400995381,0.0054532464087274635,0.004943934577447341
PENTOSE-P-PWY,0.0003146738878225442,0.0032628899404302004,0.003713305977385115,0.004449622039652919,0.004624977820384767,0.00401129485962526,0.004690866397063552
PEPTIDOGLYCANSYN-PWY,0.002176989936065041,0.006326481812808345,0.006375505218298865,0.005806115215550987,0.005666263346773312,0.006138530814687109,0.005260802667459061
PHOSLIPSYN-PWY,0.002235204867603636,0.007447666115691428,0.00730202067529301,0.0063012309327264305,0.006887782126849852,0.007226591214216966,0.006421445317001244
POLYAMINSYN3-PWY,0.00018580706738581155,0.000649197328446006,0.0010432535026238157,0.0015796511896895519,0.001132846974993335,0.0013642041538477027,0.0017098872807524887
POLYAMSYN-PWY,0.0015312527973068524,0.0010460114947536978,0.0012418358524780339,0.0016952394098919432,0.001998548100587933,0.0014144106224518967,0.0017154417613806522
POLYISOPRENSYN-PWY,0.011797439063163455,0.006842459260911028,0.005852262276597872,0.005116136141506197,0.004805335546559778,0.005839956130089252,0.005243994704550408
PPGPPMET-PWY,5.708121708004618e-07,0.00047095846306885334,0.0019385783500409637,0.0011968444029037538,0.001509197091722771,0.0012554705338154383,0.0022521194452106413
PROTOCATECHUATE-ORTHO-CLEAVAGE-PWY,0.0,0.00046302730922544275,0.0008428669603538562,0.0006306102161658235,0.0011301295648412874,0.0004422254214820015,0.0012950402824815571
PRPP-PWY,0.0002949230861341339,0.002889825594514554,0.0034292288870013754,0.00445500741930893,0.003825621170205501,0.004588920057874488,0.0032975253772068195
PWY-1269,0.00015435671252040536,0.004926598734521402,0.004400005088047693,0.003722556643526966,0.0029511343375820615,0.003526018303727243,0.004293679512747126
PWY-1361,0.0,3.525204123165895e-06,2.266265917982814e-05,7.50824084639192e-05,2.9449557797188683e-05,0.00010037752499106575,0.0001218475720897213
PWY-1422,0.0,0.0,3.268600458804713e-06,0.0,6.8777408819608e-07,1.0958186091327602e-07,0.0
PWY-1501,0.0,3.249336192150692e-07,7.886397551791146e-06,0.0,3.495932303538739e-06,4.2491109170259025e-06,8.04630157777086e-05
PWY-1541,0.0,5.379451825016319e-07,0.00013584788583016234,0.0001686260929071552,0.0001360410957872771,6.0277609760399087e-05,0.0
PWY-1622,0.0,0.00024219218224117456,0.00029679330591622226,0.0002216947478154617,0.00018148148685809834,0.0002555804388801021,0.00037277229443014883
PWY-181,0.0,0.0004427460326281241,0.00125958328697774,0.0024088276415080148,0.0013213327260265565,0.0014072393764884502,0.0021184736809929726
PWY-1861,0.005394449097831273,0.0035422828490010365,0.0006090623840659757,0.0011726500767249262,0.0014640214619684728,0.00199616084967748,0.0007512145705765496
PWY-1882,0.0,5.714017279337216e-06,5.5199040823100676e-05,0.0002201173041617021,5.380508370748757e-05,4.700509064448291e-05,6.184246602306402e-05
PWY-2221,0.0,0.0,0.0,0.0,1.4596907217699285e-07,0.0,0.0
PWY-2941,7.256222943939157e-05,0.0006304826965330176,0.0007721663735779239,0.0010437546490786682,0.0005777023170216275,0.0011770141599292661,0.0006663840724374894
PWY-2942,0.012571687211427016,0.007946020537887032,0.007009771561408201,0.0067272856640230826,0.006468070614410931,0.0067952373532754835,0.00635307822068776
PWY-3001,0.013368017886194416,0.007984714268774768,0.007168734285624068,0.006857920151683331,0.0064242419094381695,0.006998921078436651,0.006287018427559362
PWY-3081,0.0,0.0,1.492671333220524e-05,0.0,1.704571419897406e-06,6.663736907311208e-05,5.644021394222674e-05
PWY-3661,0.0,0.00016144266055992257,0.0002970455044573946,0.00033316703281986986,0.0002480985593849759,5.1791988548768064e-05,0.0003078196772273146
PWY-3781,0.0003774969632055931,0.00996468107101755,0.012522998754446625,0.01092691530080957,0.013109520009330373,0.014251533473971048,0.017145007279215137
PWY-3801,0.0,7.488760659778768e-05,7.965218245473104e-05,0.0,7.080883935422419e-06,0.00021471633508329273,0.00032635516641939255
PWY-3941,0.0,1.0043800007622431e-05,6.28219484868793e-06,0.0,5.842746087700937e-06,1.8234681903552908e-07,0.0
PWY-4361,5.479452528840327e-06,1.6583359169442424e-06,2.30582404698189e-05,1.0447704875120046e-05,3.467698462054872e-06,0.0003069087921196595,0.0003066484130668855
PWY-4722,0.0,4.156611922640069e-05,5.977961547218661e-05,0.00015264083281657395,2.8444082139235046e-06,5.703349160369144e-06,0.0
PWY-4984,3.416680833031526e-05,0.0007528818970928143,0.00154966943652088,0.0018522468653102851,0.002036343716829563,0.0022507966639065164,0.002617679196271729
PWY-5005,9.120772155738577e-06,0.00024036979339273588,0.00027557864325555213,0.00016055963503574966,0.0005012392116266104,0.0005924715184637315,6.768523616756891e-05
PWY-5022,4.668234112243278e-05,0.0006251397545139543,0.0013118652160823544,0.00169684641057911,0.0015879336769280346,0.0017382751706967496,0.002278014080103716
PWY-5028,5.512538583181833e-06,0.0003582585703120368,0.000643247262593725,0.00046423354678677795,0.0017924130318497837,0.000572397807795825,0.0014662683619762308
PWY-5088,0.0,0.0,5.335185524123388e-05,0.00011917708503081135,6.298241282508697e-05,8.039142913120212e-07,0.0
PWY-5097,0.012445965402179932,0.007829033578671825,0.006723654705674575,0.006314998103905537,0.006036424194290774,0.006392918518234467,0.006089708107320327
PWY-5100,0.0028038376987706017,0.004058695150946078,0.0049257640506137484,0.004716182428660569,0.003938223237028455,0.0036679374434721223,0.0025143488820954215
PWY-5101,0.014597521981378736,0.008743729885819078,0.008728604778622183,0.008213224653712221,0.00844300641315742,0.008630285135256746,0.008313253695971556
PWY-5103,0.012925257192091836,0.007367054897527563,0.007114541164296971,0.006779518164715158,0.006692005454317873,0.00725452459989516,0.006591830960430626
PWY-5104,0.016103764707688224,0.007577948209336427,0.006882764685682024,0.007356541673658618,0.005920460326693082,0.007995204801255384,0.004170319399114932
PWY-5121,0.002815160511759989,0.005785924030092348,0.00527929253821219,0.0049276393022436174,0.0047860394046917495,0.005238446760399926,0.004476512620938619
PWY-5154,0.00039455441774152337,0.003920177635196773,0.003043929458915457,0.0032500946176900747,0.0037016465667879684,0.0030678517316026868,0.0038573148101583104
PWY-5177,5.136735983364191e-05,4.025684720362614e-05,0.0005952236029122662,0.0003236314253308651,0.0002786975095545952,0.00012520889033427137,0.0
PWY-5178,0.0,3.2282694394447135e-05,0.0001886628783102175,0.00019032019481748707,0.0002633982297250402,0.00012004809923287723,0.0003526054702443128
PWY-5179,0.0,0.0,9.42919246524442e-07,0.0,0.0,0.0,0.0
PWY-5180,2.377356602550817e-05,0.0002093725701898264,0.000652309791906404,0.0006674051679794136,0.0008989758924617875,0.0005759641234715504,0.0010347326788841852
PWY-5181,0.0,0.00023082948227881212,0.00021410641932711512,0.00022367760865556015,0.00020703695581178572,0.0002049691590494989,0.0004857370272054087
PWY-5182,2.377356602550817e-05,0.0002093725701898264,0.000652309791906404,0.0006674051679794136,0.0008989758924617875,0.0005759641234715504,0.0010347326788841852
PWY-5183,0.0,2.8410765654947688e-05,4.90666093583634e-05,0.00017955511392702265,0.00017986612288430607,9.101731745998369e-05,0.0003266702390970734
PWY-5184,0.0,0.0,3.2604959739337433e-06,0.0,0.0,0.0,0.0
PWY-5188,0.011417819134012287,0.0058737118734641675,0.005135982362859829,0.004692311424412017,0.005088924487907795,0.005776728257213691,0.0054681582815869064
PWY-5189,0.011249167919819857,0.005534925825567343,0.004886188477574297,0.004617206644005045,0.0048465222666369675,0.0055477538451615275,0.005245263635934892
PWY-5198,0.01152214705999967,0.001499027414986107,0.00016300104636386822,0.00014029820004539574,0.00037490953322701483,0.0003899356543140769,0.00012890741665995745
PWY-5265,0.0,0.0,3.0222200021329116e-05,0.00044314162741922885,0.00015666318000943685,1.642969066814503e-07,0.0
PWY-5266,0.0,3.592635031760082e-05,0.00017294390673365374,0.0,2.8764854958688614e-05,5.018993924977761e-05,0.0007665282872938944
PWY-5273,0.0,3.592635031760082e-05,0.00017294390673365374,0.0,2.8764854958688614e-05,5.018993924977761e-05,0.0007665282872938943
PWY-5304,3.349842568717887e-05,0.0003367281263783878,0.0009458568932922124,0.0008669949944333069,0.0004745324505888015,0.0014662932216727798,0.0003978807738253345
PWY-5345,0.0002649232324560356,0.0034555454769278405,0.004100994928059373,0.003932649530066998,0.004579344744525264,0.004025080169325211,0.004984551456498763
PWY-5347,0.002420505170686554,0.002618420263918988,0.0032081157378716996,0.004140604817337401,0.003790900559843736,0.003448320158197918,0.0035656799639215923
PWY-5384,2.272365236469527e-05,0.001377022944561508,0.0011561900421155687,0.001510597906335264,0.0014549717756967748,0.001078822800910017,0.0012235306048816795
PWY-5392,0.0,9.890314963036212e-07,1.858550410061961e-05,0.0,1.96593603767515e-06,0.00018204695886978912,0.00018538154367351358
PWY-5415,1.2735120772834774e-05,0.00015728746401126462,0.0005183465078481335,0.0006055802593401369,0.0007713087864751448,0.000446026654696904,0.0009173016324916277
PWY-5417,0.0,0.0001720899383164686,0.0005818801364082481,0.00021764948769600092,0.0005646298952443175,0.00024855702881738554,0.00034065566086226886
PWY-5419,1.252222407524172e-05,3.6825750844685066e-05,0.0003957695833030156,0.0002263566861078216,0.0004816410527212322,0.00032390158098144874,0.0010209344268470955
PWY-5420,1.2888784919952488e-05,4.878741639518478e-05,0.00043587211806116156,0.0003101887225884006,0.0005637319330212252,0.0003701079021565896,0.0009573825095343193
PWY-5427,0.0,0.0,1.7278347256139897e-07,0.0,0.0,0.0,0.0
PWY-5430,0.0,3.0067023793472748e-05,0.00030968821461828627,0.00021617779409747632,0.0002935269022914288,0.00023191304615630763,0.000503811020079875
PWY-5431,0.0,0.0001720899383164686,0.0005818801364082481,0.00021764948769600092,0.0005646298952443175,0.00024855702881738554,0.00034065566086226886
PWY-5484,0.005357812071994181,0.005576686294465695,0.005884074298189701,0.004829964737005969,0.005504812599745887,0.005951687959219654,0.0049658385834268825
PWY-5499,0.0,0.0,4.814847897521901e-07,0.0,3.245586558938659e-08,0.0,0.0
PWY-5505,0.0007808331737987881,0.004731738311232916,0.003273766187281537,0.003505827823540455,0.0034686295344754834,0.0035379613455155407,0.003175589510815833
PWY-5507,1.0942476251609018e-05,0.00017690592997095508,0.00042340705281257635,0.0009632771443579374,0.0003918593010416328,0.0006972871893667072,3.2421744855755945e-05
PWY-5509,0.0014182868643311949,0.0018123715679432175,0.003845714242688882,0.003644700473137515,0.003451320631849169,0.0029711138342900477,0.001904058053945532
PWY-5529,0.0,3.462332467565309e-05,7.015543563801592e-05,0.0,5.419386100886052e-05,5.1542475122352976e-05,7.481092113091102e-05
PWY-5531,0.0,3.001056975759517e-05,0.0001539597648272432,0.0,0.0003898020624487925,0.0001654040797522945,0.00019637575336541532
PWY-5532,0.010251971230095405,0.002001131521584418,0.00013089461087455032,8.726789461826189e-05,8.308160645175067e-05,0.0002573688311515578,0.0
PWY-5647,0.0,1.7661480613956018e-05,0.00011254823507466584,7.560858911819238e-05,0.00011381054135328938,0.0001508076444661877,0.0006821949254392717
PWY-5651,0.0,0.00011961245425702129,0.00023962870427829766,0.0002419816762251509,0.0006161631327558085,0.00031906419977039,0.0010563206282860492
PWY-5654,0.0,1.785450285514827e-05,0.00014149947728941836,6.737022707230452e-05,0.00019495045486583025,0.00015425578453666762,0.0006815209267424122
PWY-5655,0.0,2.9462990103260335e-05,0.00015731832165037538,0.00013630943130776274,0.00018212992015482812,0.00024003796233299003,0.0008493583792990397
PWY-5656,0.0,0.0,8.916584621954993e-07,0.0,0.0,0.0,0.0
PWY-5659,0.013786278045476288,0.008639828591733758,0.006257622641423428,0.005324487784458882,0.0054964944822968095,0.0064855354072086615,0.0059065801641455746
PWY-5667,0.0022871423411631596,0.007948892036423037,0.00777167229508079,0.0069876811443177035,0.007268225156018598,0.0077414864083143,0.006922860927266824
PWY-5676,0.00015580442915317648,0.0004452310816246526,0.0016975548528281943,0.0015918740501152733,0.001724085308800099,0.001476710079346695,0.0006372943638187958
PWY-5677,4.783708766834236e-06,1.0072290152350154e-05,0.00010351236948351427,0.00021916657364422188,1.6214887242102993e-05,4.417335483434384e-05,8.855264576738786e-06
PWY-5686,0.014677064188209252,0.00962218901483402,0.007184149159037772,0.006249110955042669,0.006534295041810394,0.007018520043498751,0.0061876081294789395
PWY-5695,0.004843766791164127,0.007265338680290513,0.006116212586206365,0.005674728229924921,0.005528565478124559,0.005844275470479423,0.004933585706602498
PWY-5705,2.2834646003530248e-07,5.384047216530416e-05,0.0005358842432948181,0.0003268961268999191,0.0002264245187569453,0.0002957769384375182,0.0004753451489971559
PWY-5741,0.0,2.5198672071601586e-05,0.0002889489590195393,0.0003242020327169111,0.0008723667658849749,0.0002923074353088649,0.0002520473499490226
PWY-5743,0.0,2.0154526591821306e-05,8.62975710429244e-06,0.0,1.0919147911916601e-07,0.0,0.0
PWY-5744,0.0,1.6194570847223696e-05,8.595911460975046e-06,0.0,1.0897643014886284e-07,0.0,0.0
PWY-5747,8.713764565528338e-06,0.0008874925583451378,0.0011201681205673462,0.001234558426065655,0.0013827380522780355,0.0009393161850944524,0.0014261196543346516
PWY-5789,0.0,0.0,5.09367992956136e-07,0.0,0.0,0.0,0.0
PWY-5823,0.0,0.0,3.033888517770182e-06,0.0,0.0,0.0,0.0
PWY-5837,4.046573901891408e-06,8.53548560081173e-05,0.000540999736608772,0.0010075021389264957,0.000986702440446638,0.0007187209765670367,0.0011702201235061062
PWY-5838,1.3129147096837775e-05,0.00022152861600121791,0.0011088840247151816,0.0017036216924082134,0.0019480131550864374,0.0016861174173101318,0.002313003368165049
PWY-5840,1.3178925634522156e-05,0.0002112006747860111,0.0010805638318370275,0.0016983266290692535,0.0019258795199244005,0.0016743900924394979,0.002150363641589762
PWY-5845,1.0045305269030423e-05,8.523819218655987e-05,0.0007266555582257598,0.0013335084418923666,0.0014440001431839178,0.0011459923353048112,0.0018633685400851047
PWY-5850,1.0045305269030423e-05,8.523819218655987e-05,0.0007043248935210536,0.0013335084418923666,0.0014440001431839178,0.0011459923353048112,0.0018633685400851047
PWY-5855,2.3017026081118348e-05,0.0014327490975366444,0.0033284705551479814,0.002526401080756131,0.003336495244856562,0.0027738658842642937,0.003741123878666205
PWY-5856,2.3017026081118348e-05,0.0014327490975366444,0.0033284705551479814,0.002526401080756131,0.003336495244856562,0.0027738658842642937,0.003741123878666205
PWY-5857,2.3017026081118348e-05,0.0014327490975366444,0.0033284705551479814,0.002526401080756131,0.003336495244856562,0.0027738658842642937,0.003741123878666205
PWY-5860,6.726526427644194e-06,5.9504281462021324e-05,0.0005432169698745947,0.001015023675076601,0.0010718105777771229,0.0008147452918906612,0.0013955302949271422
PWY-5861,8.80349343624531e-06,0.00015468794132688656,0.0008475225689470458,0.0013650003446648888,0.0015048840819251092,0.0012351473632582375,0.00178629752143864
PWY-5862,6.726526427644194e-06,5.9504281462021324e-05,0.0005592921204880571,0.001015023675076601,0.0010718105777771229,0.0008147452918906612,0.0013955302949271422
PWY-5863,4.624228480114031e-06,9.625865927925985e-05,0.0005867900631567901,0.001075890915085024,0.0010874301502039176,0.0008048922719191552,0.0012704915355771246
PWY-5896,1.0045305269030423e-05,8.523819218655987e-05,0.0007043248935210536,0.0013335084418923666,0.0014440001431839178,0.0011459923353048112,0.0018633685400851047
PWY-5897,1.160790351274744e-05,0.00020009398100860796,0.0010318320686889396,0.0016147547229754305,0.0018430926407271952,0.0015578101555410444,0.002176607377017332
PWY-5898,1.160790351274744e-05,0.00020009398100860796,0.0010318320686889396,0.0016147547229754305,0.0018430926407271952,0.0015578101555410444,0.002176607377017332
PWY-5899,1.160790351274744e-05,0.00020009398100860796,0.0010318320686889396,0.0016147547229754305,0.0018430926407271952,0.0015578101555410444,0.002176607377017332
PWY-5910,0.0001468203553236911,3.244162392343978e-05,0.0004746265845707871,0.00040310650475475684,0.0006513040933338818,0.0005384118073918384,0.0003973930909920759
PWY-5913,0.0010774374300086232,0.004805400861278348,0.005271566023850532,0.005061745764502957,0.004386259154460826,0.0034705742173127383,0.004603864724413421
PWY-5918,7.850476023086657e-05,0.0023992998154181667,0.003931376440738912,0.0033155780186639836,0.004002590792325164,0.003997515098649552,0.004645060453963141
PWY-5920,3.542834725905865e-05,0.0009182768838232641,0.001929439703019539,0.0016686517617569823,0.0024333672133642114,0.0028040713554573315,0.0027570258448002182
PWY-5941,0.0,3.3734959881725442e-06,0.0002261476260408431,0.00019075001888392332,0.00011965577935288939,8.094860449935446e-05,0.0001753648568321428
PWY-5971,2.0809236041295224e-05,0.00024691847051199004,0.0022058616990444416,0.003825035407240259,0.003034337929497119,0.0031694285369776453,0.0036544054625491196
PWY-5973,0.00244210493404374,0.006699092515575815,0.008572460050461693,0.008103820478997582,0.007258122815131105,0.007253639523968565,0.008118701755450321
PWY-5989,2.1098904442957167e-05,0.002347921981055625,0.003996955696097847,0.004386258636474506,0.0042775449214317645,0.0033480061818913676,0.006230297166359873
PWY-6071,3.8509085813630523e-07,2.2172494734987804e-05,9.871475531633967e-05,0.0,0.00016487609467361,0.00019634777835232707,0.0006101851168299499
PWY-6107,0.0,1.4234592010998607e-06,4.239254196799248e-05,1.8232361413229935e-05,6.170368152114245e-05,1.2835835944743348e-05,6.745990970670888e-05
PWY-6113,0.0,0.0,1.7255949174192877e-05,0.0,0.0,0.0,0.0
PWY-6121,0.01412640320171178,0.009452328203787086,0.007283887331716415,0.00617633289734165,0.006422128742122313,0.006634625563229663,0.006024394849105825
PWY-6122,0.014656060431346317,0.009519457532637584,0.007122392766055432,0.006045747747799299,0.006314245451210464,0.006592507069927467,0.005878066770589928
PWY-6123,0.012311833005464451,0.008427608838728066,0.006354816407723618,0.005526030228433573,0.005567942739176342,0.006049226770304491,0.0052395499074323
PWY-6125,0.013531913204114357,0.008133971216815614,0.006150975879256034,0.005637318323161175,0.00572813166534518,0.006462872962195357,0.006027469250458132
PWY-6126,0.013836658107957088,0.009490260882964369,0.0071298689473361975,0.006567886025609605,0.006345433604600294,0.007128426069957642,0.006434213307703617
PWY-6141,0.00011029928786001258,0.00013107315787510754,3.679827549302176e-05,2.0335222506637973e-05,0.00014013813001685928,9.066513983538908e-06,0.0
PWY-6142,0.0,0.0,3.538325199105169e-07,0.0,0.0,0.0,0.0
PWY-6143,0.0,1.2317595611031095e-06,1.1202126526850104e-05,7.282704584624873e-06,8.487411612890134e-07,7.379462603498675e-07,0.0
PWY-6147,0.0004970107933500742,0.006036843844618073,0.0046535254489639445,0.004772289369063817,0.00501476407794878,0.004221198372997028,0.005016414863780429
PWY-6148,0.00037277902499564114,0.0009912725094420977,0.00010243412771708355,9.802305674904868e-05,0.0002882250116408744,0.0003011066765659774,0.0
PWY-6151,0.0019830547803728216,0.0017864468002957898,0.0024388857803044903,0.0029391689706114456,0.002573293211313943,0.002076612191325226,0.0022142442253530346
PWY-6163,0.006261401448229445,0.00686149572194705,0.0064083196463783285,0.005759520740117648,0.005859875645683049,0.00634431457793555,0.005398514970495035
PWY-6165,0.0010124446604221867,0.002008007837080304,0.00012326284322605312,0.00019861178563784478,0.00015644600275456136,1.74737288478653e-05,0.0
PWY-6167,0.0004309853550462647,0.0005207203452869692,5.486038331610859e-05,7.222424449822103e-05,0.0003529415083817229,2.552245368699883e-05,0.0001138855844829462
PWY-6174,0.010610074601110167,0.0018496283808715432,0.00016028214766140118,2.6191176011552437e-05,0.00025159151484057253,0.00037385783190550196,0.00010174607910967722
PWY-6182,0.0,0.0001607843217467714,0.0005060807073143727,0.00023533324834250078,0.0005926408242693614,0.00022176454356884147,0.0003691798002489883
PWY-6185,0.0,0.000158211283359108,0.0001600674469414751,0.000149515465866655,0.00014917037991370532,0.00021335142202601559,0.00033827687990762505
PWY-621,2.2583540722077655e-05,0.0020180151268263534,0.0016946670424264636,0.002036912499981743,0.0017441089038756662,0.0012315095663238244,0.0012235306048816795
PWY-6210,0.0,9.612455631624842e-06,7.661924868411873e-05,4.10104417283156e-05,9.930488132265663e-05,0.0001176074958611003,0.0003629170124509399
PWY-622,0.0,1.5676650683525029e-06,8.43020126549917e-05,0.0,7.1901052695311154e-06,2.648095023455268e-05,0.00030719467401264404
PWY-6263,0.0003108868605543641,0.0008535925641923953,0.0018002896277594543,0.001204367176813894,0.0013362002387470769,0.0023766317395397265,0.001459526867982194
PWY-6269,0.001528543975266082,0.002113473605279078,0.0038796333644922866,0.003658908269311593,0.0034707691010539498,0.0029841675307141716,0.001915006865173622
PWY-6277,0.014656060431346317,0.009519457532637584,0.007122392766055432,0.006045747747799299,0.006314245451210464,0.006592507069927467,0.005878066770589928
PWY-6282,2.1062867546714672e-05,0.0023037219783582966,0.0039657360310919,0.004374651054604785,0.004127017836056267,0.003273627130750839,0.00614812176465913
PWY-6284,0.0,0.0,5.867056209338584e-06,0.0,0.0,0.0,0.0
PWY-6285,0.0,0.0,1.104266504935575e-05,0.0,0.0,0.0,0.0
PWY-6317,0.0016402417671393193,0.0023567538185496643,0.002174710479695536,0.003916106878190104,0.002702098805032799,0.0028133823781440136,0.0018259284598339987
PWY-6338,0.0,1.78031635962607e-05,0.0001522203174943042,0.00012180952096534564,0.00010255602544865216,3.782495862037443e-05,0.00017917355719634307
PWY-6339,0.0,7.055053221433464e-06,0.00012884855115424004,0.00025756704060240923,0.000274755938329315,0.0001233156056096176,0.0002568996419544982
PWY-6349,0.010345067737215644,0.0021539462289621794,0.000141893007073832,5.205393655104066e-05,0.0001882916912944336,0.00024816579420104424,0.0
PWY-6350,0.011475820967554961,0.0022052513515177213,0.00014758331143931643,5.000756134239457e-05,0.00017660331256804968,0.00026737624526485134,0.0
PWY-6353,0.00012388543221984874,0.0019674917598979597,0.0030903199922172296,0.0037559666457845572,0.004109506989284731,0.003686424904004359,0.003401366420343788
PWY-6383,0.0,3.613317801692763e-05,0.00017556859458823818,3.058499367001839e-05,0.001303316409634713,0.0003051791112148057,0.0004236657724208581
PWY-6385,0.002168071758877213,0.006187690584680931,0.006277956286631135,0.005727776514852999,0.005568977034891299,0.006048589871757212,0.005102096494118344
PWY-6386,0.002141902353313283,0.006126522397596828,0.006278218541947601,0.005761223588067472,0.005542401848076725,0.00606803473042622,0.005048500398385678
PWY-6387,0.0022142410248623787,0.0063315196819757995,0.006429920267588137,0.005836517966643011,0.00568320805492371,0.006184200609764785,0.005250834681768117
PWY-6396,4.566244567853663e-06,2.4515408940320248e-05,0.00022015796562361868,0.0003750003674284008,0.0004086628254169458,0.00022482062814068197,0.0004973403864183962
PWY-6397,0.0,4.538476243077394e-06,3.9301020484559356e-05,0.0,0.00021995370324979496,5.325160437135356e-06,0.00019243499769946315
PWY-6404,0.0,1.1353427093632727e-05,5.1347606088819345e-05,0.0,0.0006314732203160768,1.9492749120927283e-05,0.0005897417086514217
PWY-6467,0.00014522834858245239,0.004873507889635452,0.00440800986005914,0.003694351200958472,0.0029845790843380593,0.003909620334751133,0.0042842176410797005
PWY-6470,2.4092815484748284e-05,1.3147254837168343e-05,3.5426391329290996e-05,0.0002288811414787942,0.0003335700135961387,0.0003473541465523019,0.0
PWY-6471,0.00010057372617535128,0.0002536944430344055,0.0006556006771936538,0.001591049291738097,0.0008403501697781743,0.0007764504721622692,0.00029734579203899225
PWY-6478,3.7935849786730155e-05,0.0008729728459959239,0.0006354480316865547,0.000242409991931461,0.0004513355954006995,0.001165369781067266,0.0009366847801145805
PWY-6486,0.0,2.832754629054449e-07,1.7341414646511518e-08,0.0,0.0,0.0,0.0
PWY-6505,0.0,1.9967911664515635e-05,0.00012849012015065035,8.576437092212288e-05,0.0001631208167737723,0.0002087338853257538,0.000618366685528795
PWY-6507,0.00012178151311249264,0.0012558081791545933,0.0012039110805943686,0.0022908810768250375,0.00043961263944784925,0.0006555189217867502,0.0012128571719737938
PWY-6519,2.0686423248007363e-05,0.002035305961969929,0.0035179616432315136,0.0032736910202358057,0.003625239044079305,0.002976197602933215,0.0044793137287530305
PWY-6545,0.0025634619848183132,0.004813694172193266,0.0036383376888092867,0.0027421330704754743,0.0031627684319781905,0.0035484024378807134,0.0020475121041595894
PWY-6562,0.0,0.00015108605022491134,0.0002832831466731219,7.533852543824058e-05,0.00030048906460392277,0.00015436046543623128,0.0002981781423685675
PWY-6565,0.0,0.0,1.744823547982694e-06,0.0,0.0,0.0,0.0
PWY-6572,0.0,6.699346532419931e-05,9.479129809715839e-05,0.0,1.673660164812844e-06,0.0,4.386491280617337e-06
PWY-6581,0.0,0.0,2.0616317673541326e-06,0.0,1.983415161114436e-05,0.0,0.0
PWY-6588,0.00015925278550361137,0.0008260454979896833,0.001552468722939264,0.0017189745323776882,0.0009555334069002297,0.0012966880856898455,0.000268409700218573
PWY-6590,0.00012337832420767657,0.0012451473849139619,0.0015127254295086647,0.0027779829408782924,0.0017323166178643142,0.001906136807835261,0.0006626864388063578
PWY-6608,0.00022849235633412842,0.0022094810949750817,0.0033272055574309757,0.0034764076594958437,0.004063927174746059,0.0036240434015447544,0.0033982292942135155
PWY-6609,0.0023483298898822206,0.005772169485899849,0.004678233936852733,0.005396585927179022,0.004103340561404382,0.0052192108913426865,0.0032336910359798492
PWY-6612,0.0006357133749251393,0.0037836056181658833,0.004565680295683639,0.004676856603558295,0.004748791380555618,0.00427049065298157,0.0047764866733750674
PWY-6628,0.00013413928116994884,0.0023956444820677904,0.00402007990343566,0.004327153609201972,0.004473337856441861,0.004072621426088732,0.0040518249058292075
PWY-6629,2.7382620026411274e-06,2.362360385429272e-06,7.51524434000433e-05,0.0011034254147405484,3.712051210537603e-05,1.873829367956924e-05,0.0
PWY-6630,0.00013413839370646756,0.0022531523713176815,0.003945564002685394,0.004255895929505236,0.004414742159927784,0.004034278861078745,0.003987044285848108
PWY-6641,0.0,1.090323309496202e-06,0.000131077373979327,0.0001448742535830448,0.00013723874030069643,7.000569343015225e-05,0.00011163013732524739
PWY-6654,0.010322042955201751,0.002301201268009997,0.00017128425529494863,8.511512559934158e-05,0.00024483004043789183,0.00032349621588175886,5.319132131908608e-05
PWY-6690,3.276275296158687e-07,7.5140379119735165e-06,7.52592352467745e-05,8.761702828297755e-05,0.00023127265266419824,1.2823817531541095e-05,0.00034969226437745604
PWY-6700,0.0018716520145005144,0.00555787749757327,0.004977847252789854,0.004382785406023784,0.004106681026113088,0.004286072783814291,0.004733630118373015
PWY-6703,0.010393400020396893,0.0062396174715959474,0.004830992939486239,0.004030116501683906,0.003164516980349646,0.004709608992693079,0.004661185883771136
PWY-6708,2.3017026081118348e-05,0.0014327490975366444,0.0033284705551479814,0.002526401080756131,0.003336495244856562,0.0027738658842642937,0.003741123878666205
PWY-6713,0.0,0.0,3.2652933242425227e-06,6.329026125355034e-05,4.603627591258322e-06,7.275876434606784e-07,0.0
PWY-6728,0.0,7.328746668895506e-05,0.0002931648299869588,0.0006181070031914653,0.00020660631784811658,0.0006457691624671187,6.291313105360368e-05
PWY-6731,0.0,0.0,1.5295713152853156e-05,0.0,1.6183892609416137e-06,0.00011291581772204046,0.0
PWY-6737,0.0029639420911375886,0.0035343293613108217,0.003607899791181012,0.004822033365279345,0.003960097369278729,0.00325008390620348,0.0032624635866425364
PWY-6749,1.3692200066063875e-05,6.987759112394558e-05,0.0003134306642354823,0.0002950297346097692,0.0001066295172903268,0.00025457369429913697,0.0005211689794134835
PWY-6760,0.0,0.0,1.6480943420951855e-08,0.0,0.0,0.0,0.0
PWY-6830,2.6832019344070023e-05,0.00021418687094824416,9.922688353907458e-06,0.0,4.1387447925245535e-05,2.2606667025102674e-06,0.0
PWY-6876,0.0,0.00025588756854142135,0.0001569757710957649,0.0001057456774253876,0.00011294846655339817,0.000140159735357796,0.0001185009864595194
PWY-6891,5.3532037974630176e-05,0.0007292863553967856,0.001098492503763091,0.0018783857556266728,0.0008642221568136317,0.0007475512839976875,0.00040686098361108596
PWY-6892,0.0011009022371562915,0.0022135117512751996,0.002908502530429386,0.003647732179323888,0.0024205378209560986,0.002706476714005914,0.0013817722888278948
PWY-6895,0.00026236400842410176,0.0019402043950024813,0.0024100225753929966,0.0033390966893541204,0.002053654552210781,0.0023672547092741278,0.0015141260706340225
PWY-6897,0.011283610502641568,0.006121424553739349,0.005277434202282561,0.004427282757475888,0.004749969323316738,0.005321169338287958,0.0047874252668752264
PWY-6901,5.112353124435734e-05,0.0022644867536424336,0.002239794804809821,0.0037380240488738576,0.002777911929218689,0.002505509397356184,0.002125475531501131
PWY-6906,0.0,0.0,1.1970779186114131e-05,0.00020253820305866013,1.4731010573822148e-06,2.7361267350733824e-05,0.0
PWY-6944,0.0,1.3877610613054261e-05,6.106299940448402e-05,4.345330867158231e-05,0.00027490637323617027,5.909996329579851e-05,0.0004799117873707807
PWY-6948,0.0,4.396572702687514e-06,1.339813015903276e-05,0.0,0.00014649799448848043,7.089437119504014e-06,0.0003139016809297167
PWY-6956,0.0,0.0,2.823476731632218e-07,0.0,0.0,0.0,0.0
PWY-6957,0.0,4.86660752390068e-07,1.5724197016278963e-05,0.0,1.1867108943438465e-05,7.818645056163803e-06,0.0001932247052431845
PWY-6969,0.0012067594636494098,0.00550300302456421,0.00673365886126391,0.00585303766787244,0.006279478300750281,0.00698164143193739,0.0070011560799507185
PWY-6992,0.0,2.039662885054429e-05,7.759260481830325e-05,2.4265155070486917e-05,0.00014238764941657393,7.931629307205265e-06,0.00020069038700023373
PWY-7002,0.0,0.0,7.45464188453909e-08,7.055085066819706e-06,0.0,0.0,0.0
PWY-7003,0.0,0.0002783090889059619,0.0006301698650250354,0.0014800721864342407,0.0008269328979208686,0.0004825477175568731,7.921762673661406e-05
PWY-7007,0.0,5.560220749608584e-05,0.0001842157978436685,7.317378272129942e-05,0.0016031895002025893,0.00028930127963283214,0.00041399596551887124
PWY-7013,1.3655582416681571e-05,9.140137454311871e-06,0.00026364942809820524,0.0006755277642861688,0.0011538825319441666,4.2252793274073174e-05,0.0021038853126198152
PWY-7024,0.0,1.9339768651994826e-05,1.0801362110120621e-05,0.0,1.5829312970271295e-07,0.0,0.0
PWY-7031,0.0,0.0,2.985630012533309e-07,0.0,0.0,0.0,0.0
PWY-7046,0.0,1.4989943788704813e-06,8.332221570945476e-06,0.0,6.074171493555371e-06,1.745650317767382e-06,3.838863603308707e-05
PWY-7084,0.0,2.026216748404557e-05,4.023960986279475e-05,0.0,5.813416537958782e-06,6.766030575244626e-06,1.0296738485746939e-05
PWY-7090,1.475115256821253e-05,0.00023530520190484847,0.00027452813091905225,0.0002921638085713264,0.00017809793162845588,0.0002818272977305678,0.00047088982771698826
PWY-7094,5.192675697033498e-05,0.002387139915369125,0.004085187937776781,0.003288080284993858,0.006668174651485928,0.004606834496249149,0.0065947001424832745
PWY-7097,0.0,1.78031635962607e-05,0.0001522203174943042,0.00012180952096534564,0.00010255602544865216,3.782495862037443e-05,0.00017917355719634307
PWY-7098,0.0,1.9924302400036965e-05,0.00016461020342597177,0.00013169642056129848,0.00011173571169752554,4.18505159205595e-05,0.000197508134368083
PWY-7111,0.013073693771436377,0.008180707326424341,0.008880390726446693,0.008637425319370796,0.0086469861605514,0.008261156761395019,0.008404155449672629
PWY-7159,0.0,3.001056975759517e-05,0.0001539597648272432,0.0,0.0003898020624487925,0.0001654040797522945,0.00019637575336541532
PWY-7184,0.005603263617824432,0.006591925682298073,0.004878871686560947,0.004761339222921479,0.005082997981331478,0.00531207594821282,0.005315803068299861
PWY-7187,0.011774256661214776,0.005390815215042383,0.0038768380461772587,0.004225059259166523,0.004058099026085934,0.004044356962203663,0.002947956033304214
PWY-7196,0.004756061807076599,0.007409031764412996,0.004508621871521224,0.005497271116364997,0.00429253834281408,0.005073002053630502,0.0037864541886888747
PWY-7197,0.011363440318018154,0.007970261530077818,0.005457515434608102,0.004804461528928648,0.004693804776094024,0.0058633632498794,0.00512556663719058
PWY-7198,0.0008009862566111791,0.0024723373266725144,0.0002507478663819476,0.0003656593573467376,9.924422355590683e-05,0.0005889942302492583,7.477007092904812e-05
PWY-7199,0.0018142066700310448,0.004160844623375279,0.0028209826699441293,0.004038450600723309,0.0027943129721013705,0.00307276192127224,0.0029594945113501658
PWY-7200,0.0031122283610385926,0.005152531718345193,0.003324643525556426,0.004246277751656459,0.003486794828899014,0.004123154172558532,0.003820382426138031
PWY-7208,0.012849899857086958,0.00998178116437749,0.007684341401915855,0.0067818297277582405,0.006896580958702913,0.007394509093916003,0.006575463373886076
PWY-7209,0.0,0.0,1.313965503319612e-07,0.0,0.0,0.0,0.0
PWY-7210,0.0011112482518084268,0.0036746918281572163,0.00031625306789805687,0.0005063527564641263,0.00013977003538902268,0.0007530770053667662,0.00010586880469020051
PWY-7211,0.0017979349800147522,0.0065406515242948104,0.004673513154615923,0.004628388147579704,0.0052808897499002925,0.005101250925986332,0.005569180919371402
PWY-7219,0.014912486033656903,0.010361216294050988,0.0076184228384558305,0.007023831538377893,0.006919010123623861,0.007486180890578675,0.006445293747934111
PWY-722,0.0,0.0001341467689073102,5.20356483810214e-05,0.0,1.98519381947531e-05,1.1268407534607792e-06,7.682579948773156e-05
PWY-7220,0.012630533914310096,0.008580260248991889,0.0066332349074126875,0.006259599119284849,0.005811064336890138,0.006722139166027494,0.0064533948823971695
PWY-7221,0.015110518872732365,0.009096040910266818,0.006609979894952875,0.005944814761178855,0.00616874808458388,0.006479893266931893,0.005771542102070244
PWY-7222,0.012630533914310096,0.008580260248991889,0.0066332349074126875,0.006259599119284849,0.005811064336890138,0.006722139166027494,0.0064533948823971695
PWY-7228,0.013758972251706721,0.008734969202639465,0.006284489816245218,0.005708787383355114,0.005915144091662221,0.00665730567999053,0.006184682192929695
PWY-7229,0.014122618710077793,0.00985858562952524,0.007439826041615832,0.006916655791361323,0.006705970380957821,0.007410272929279535,0.006665151354917578
PWY-7234,0.0012931180151467242,0.006268665612110415,0.0039048868509961574,0.003501257550643062,0.004945448039696121,0.00390877773001599,0.004700448616345194
PWY-7237,4.56692920070605e-06,0.00030751872178139844,0.000573759112305573,0.000463514679461888,0.0009683056037887406,0.00034101661386972684,0.0007680855891743464
PWY-7242,9.841430945755761e-05,0.0013445154010074747,0.0015830434409048303,0.0032329532372443264,0.0013407326619830873,0.0009345672516696646,0.0016516526590879255
PWY-7254,3.97491249455434e-05,0.0014739372304897668,0.00231692776067665,0.001950141615466624,0.0022959863584009186,0.0015765913962727648,0.0025442588142333936
PWY-7255,0.0,1.9774162150364344e-05,8.01755409186215e-05,4.0472600940345345e-05,0.0004546900814861569,0.00012944219619249103,0.000476980089244698
PWY-7286,0.0107571714120912,0.002438523919743027,0.0001594026466904889,5.740668937464516e-05,0.0001712274090140631,0.0002845540816671502,0.0
PWY-7295,0.0,8.061529616432058e-07,2.4149422829932124e-05,2.1576190716398997e-05,6.102183308728821e-05,0.00014173729973186573,0.0002913667274703577
PWY-7315,9.587663228290004e-06,0.00015781373342527234,0.00029545214213885676,0.00040637755608371795,0.0004985353099760967,0.00014732542704345273,0.0009524376387064363
PWY-7316,0.0,0.0,0.0,0.0,0.0,2.9374537703788305e-05,0.0
PWY-7323,0.0121333907580466,0.006821942616651353,0.005182516593857071,0.003758288306497474,0.003725826907032637,0.0051412374308986404,0.0046478818246671666
PWY-7328,2.7436904420480778e-05,0.0012368817305155719,0.0020247223770924173,0.002233625118867672,0.0021986536172212703,0.0018718680018467316,0.002239579835059194
PWY-7332,6.358695365273317e-05,0.003713906676074926,0.0011552967340853044,0.0011875630901052423,0.0004679843962467333,0.0013903938500583637,0.0007530771779436623
PWY-7347,0.0,0.00013117510263209532,4.224518139871555e-05,0.00030283673454675254,0.00021496379760665025,0.00014536686332203597,0.0001375425214915354
PWY-7354,0.0,0.0,3.8263259615823456e-08,0.0,0.0,0.0,0.0
PWY-7371,0.00016212598662506474,0.0005290450426229976,0.001255871407188462,0.0005444560009022546,0.0006028407756305862,0.0011500728387940115,0.0007371707165391035
PWY-7373,0.0,3.3490504763592035e-05,0.00011738371545352382,7.351718609583951e-05,1.7116572890477296e-05,8.507664732458871e-06,2.9559256014714914e-05
PWY-7374,6.278910498376129e-05,0.00019396866633115853,0.0010663302265227347,0.00026962218764432647,0.0005848406221340773,0.0009260636701198176,0.0005997242550865808
PWY-7376,0.0,0.00031938775941115573,0.0008745480877978844,0.0007224178390542176,0.0014517543433599381,0.0008559205870049894,0.0008599983320674003
PWY-7377,0.003014502580589386,0.0006873483170914357,0.0008029547094104515,0.0014672520617760312,0.0011746364881378266,0.0012294749019201752,0.0002996732993491967
PWY-7385,0.0,0.0,1.0904479371261597e-06,0.0,2.4668175596405415e-07,0.0,0.0
PWY-7391,0.0,1.0749992994908774e-06,5.035492030269019e-05,2.6101674906951136e-05,0.00022576923271299762,0.00011331023059774761,7.960290065558395e-05
PWY-7392,0.002719005049547142,0.00403977867011568,0.0031461636351181373,0.0036002751324739836,0.003962499704004823,0.004136126012451214,0.0035786762062663124
PWY-7398,0.0,0.0,0.0,0.0,1.3888596166000945e-06,0.0,0.0
PWY-7400,0.011821745752242022,0.006320852670611206,0.005309216726185596,0.004977795368950322,0.004780629542250888,0.005841162193348847,0.004351140773928574
PWY-7401,0.0,0.0,7.42810659129022e-07,1.4952624998625874e-05,0.0,0.0,0.0
PWY-7431,0.0,0.0004740931451792632,0.0005651483224639076,0.0007425222242404027,0.0006273040567239252,0.0005590921448777879,0.0021070605907532454
PWY-7446,2.2834646003530248e-07,1.9829282403381142e-07,8.543204083819737e-06,0.0001225886247949797,8.223908716321297e-06,2.0862976599487065e-06,0.0
PWY-7456,0.0,0.00043781555767487203,0.0003649923201094723,0.0013974147786190608,7.255755156323519e-05,0.0002459444102231769,0.00029349577529537896
PWY-7527,9.071974853408423e-06,2.7422409691029103e-06,3.701518918230298e-05,1.7321027013528156e-05,5.670061915158665e-06,0.0004781323261956283,0.00046971483467892925
PWY-7528,0.0,0.0,0.0,0.0,0.0,0.0,2.620201241161718e-05
PWY-7539,0.0004975470874541991,0.00605313436504101,0.004624530491496501,0.004900767098259149,0.0050740638642334775,0.004123134868031334,0.004986441578151872
PWY-7560,0.002119256873640666,0.005666768408922897,0.005711907861208655,0.005089016243919394,0.004766676979517481,0.005073799669493907,0.004658449721149744
PWY-7616,0.0,3.840129564216643e-05,5.79873939166376e-05,3.7610887518596634e-05,0.00022839293266867865,0.00017406377421415656,0.0001798540042780724
PWY-7644,0.0,5.193383486599824e-07,0.0,5.212240617547685e-06,5.6207896464979685e-08,0.0,0.0
PWY-7663,0.002585582637242021,0.0067582494360191895,0.008809351592435991,0.008319997880678612,0.007374481649536184,0.007132869292093608,0.00835350383103054
PWY-7664,2.451045390120437e-05,0.0024608767158577063,0.004206132144474453,0.004645025261508204,0.004370935630027848,0.0035191306008390357,0.006340967101425407
PWY-841,0.008398418293632531,0.008489693191409218,0.00651893015260701,0.005923435874011032,0.00602399211292136,0.006701173544404865,0.006023603961114911
PWY-922,0.00010316444490694996,2.2875935584519322e-05,0.0004165846270955958,0.0002964359474156732,0.0004922965424728117,0.00039634126935872535,0.0002863982294243256
PWY0-1061,4.8541259272692435e-05,0.0014847267790774024,0.0028787089752864126,0.0025474463089725703,0.003989869754817863,0.002839046759487554,0.0029535061528088305
PWY0-1241,2.0510254572191593e-05,0.001687926732831072,0.002123070583205137,0.0014636951146577905,0.0015281402499269885,0.002451902468057346,0.002051828023255292
PWY0-1261,0.000407922561740597,0.0032385321437022265,0.0033996493420520115,0.0050433799206379415,0.004094882005138216,0.003812329677229497,0.004384284210260855
PWY0-1277,1.0391771473376597e-06,2.2928679011304006e-05,0.0001499695834135866,0.00023205546312069547,0.0004600908309301684,4.3748918498989176e-05,0.0006006578764653253
PWY0-1296,0.0022243368438226445,0.0016530354946606397,0.002283393918926815,0.0030601356907052207,0.0018975899384438054,0.0026625929085896073,0.001702180028847456
PWY0-1297,0.0020439060928674107,0.0016241937857654374,0.002279741378525242,0.003289847704562564,0.002216504569607284,0.0024159464625836203,0.0018860704490927394
PWY0-1298,0.0018661470543004865,0.001666479284355716,0.0021887325585180683,0.0033179965662318935,0.001828169862179544,0.0021830057554211983,0.0016743854970249048
PWY0-1319,0.0022871423411631596,0.007948892036423037,0.00777167229508079,0.0069876811443177035,0.007268225156018598,0.0077414864083143,0.0069228609272668235
PWY0-1338,2.8207503886713817e-07,5.4303690528446786e-05,3.223625271854757e-05,0.00026983445671942226,4.7161233365962145e-05,2.9649882609777955e-06,5.27611227315102e-05
PWY0-1415,3.874246400898964e-05,0.0008271392713769246,0.0015319736558072066,0.0023210713021315403,0.002150275672569694,0.002472300407512121,0.0024530186555072014
PWY0-1479,4.5952887874944956e-05,0.001210431177138159,0.0028738796011242903,0.0023020424996510838,0.003691809761660746,0.0033315576123280235,0.002729124059427602
PWY0-1533,4.323135431335199e-06,0.00014891020740960838,0.0006548476251399737,0.0005526873287365646,0.0006389761957820008,0.00023640619969208303,0.0006063789982427999
PWY0-1586,0.0015152636005510906,0.0031517772974063414,0.0038493445963558863,0.00449958811873726,0.0044467600030115816,0.0036736315945404387,0.0041293184975851865
PWY0-162,0.014071397848231247,0.009456071283597595,0.006733903247979241,0.00604486333200367,0.006116766685974819,0.007015912629637482,0.00623535888031022
PWY0-166,0.005984681153415486,0.006311183089799211,0.004819685318162191,0.004615271197907904,0.00492383118122159,0.005110806151639425,0.004875324151223946
PWY0-321,4.5440622076120527e-07,3.283481650406378e-05,0.00021157934202727975,0.00021973058706688297,0.00019251812301191988,0.0002424489705557973,0.000744154858141825
PWY0-41,2.739957742243371e-07,7.369136779584212e-07,0.00039096436936234837,0.00019799300450340615,3.823594258486112e-05,5.94827945836963e-05,3.678863940645378e-05
PWY0-42,4.12355886152935e-06,0.0003457201399930374,0.0008167044552749943,0.0011755461167149107,0.0009387032832813204,0.0008828304979468932,0.0013441232602604684
PWY0-781,0.0005863177099936864,0.002319028523458948,0.003455377312998433,0.0040056957489986965,0.0041061883844070194,0.0038578248928682135,0.004014323442199483
PWY0-845,0.00012314937744895701,0.0012985182867159364,0.0016028911342128084,0.0022496084783531997,0.001508260731729359,0.0012001982481282553,0.0011257603871466179
PWY0-862,2.104050671352461e-05,0.002282406870652139,0.0038822554884672227,0.004317662513918588,0.004003235848241372,0.0031806250567322663,0.00593180091877903
PWY1G-0,0.0,2.1961633466621686e-05,0.00012489731507267125,3.5397188471165134e-05,0.0010417444498531615,0.00033733321660987743,0.0003107486440149202
PWY490-3,1.0272635723811957e-05,0.0005106878632598426,0.0002696307777820387,0.0004549545617778715,0.0003146443584357295,0.00024033784104814007,0.0006524268323320109
PWY4FS-7,0.0021912555976598353,0.006846347841244365,0.0067916604875046605,0.005845753451275736,0.006636306795152759,0.00679802536209444,0.006168518026913547
PWY4FS-8,0.0021912555976598353,0.006846347841244365,0.0067916604875046605,0.005845753451275737,0.006636306795152759,0.00679802536209444,0.006168518026913547
PWY5F9-12,0.0,0.0,9.493891483625368e-06,0.0,2.2268665480692255e-06,0.0,1.6881001959875746e-05
PWYG-321,2.541114961175055e-05,0.002443095397634246,0.0043246297186873475,0.0048182242594504154,0.004580842578110147,0.003660349460766123,0.0066110592786863135
PYRIDNUCSAL-PWY,0.002708812985746168,0.0031237682477167263,0.0035961222997387544,0.00321647560700967,0.003551508589364078,0.003068660271628714,0.003454023253997111
PYRIDNUCSYN-PWY,0.0036461991178592065,0.006409018261616287,0.005100581884073094,0.004725943972813112,0.004632232995733338,0.0054257054213118555,0.004731124251280822
PYRIDOXSYN-PWY,0.00012490306132359512,0.0024506498460629693,0.0025716226985171803,0.002897009462648669,0.0013399969336155312,0.0018387797924222472,0.0022970561354253454
REDCITCYC,0.0001995829086524563,0.002991731265492696,0.004657363035385657,0.005017175385633875,0.00631964430796746,0.004813142919381183,0.00603905802973854
RHAMCAT-PWY,6.665856949696213e-06,0.000639754569665198,0.0005001851616995901,0.0009742036743608059,0.00041714621514948896,0.00025914419413373095,0.00038878819376484195
RIBOSYN2-PWY,0.002876452780869424,0.006592419152018253,0.0057821636581381645,0.005477395643304502,0.005233302425732233,0.0056266858916947755,0.005302186692438383
RUMP-PWY,0.0003897187205914295,0.000924281247758854,0.0003360319300785942,0.0008431361731705692,0.0010581007910219053,0.001254671118902191,0.0005642480679722975
SALVADEHYPOX-PWY,0.0001932936921552106,0.0020728058269426975,0.0034316699951908933,0.003290050071641072,0.004112349019743808,0.003380896640992676,0.0034122802764897653
SER-GLYSYN-PWY,0.013253025226940138,0.009090083097238336,0.006871033848986392,0.005731205921717401,0.006401002973945703,0.006506747482329478,0.006220180232197417
SO4ASSIM-PWY,9.810014240578267e-05,0.0031776922968157232,0.003648258152503962,0.0029465345490269786,0.003870516822278396,0.003243590647796117,0.004667496439419757
SUCSYN-PWY,0.0,0.00030883608140154885,0.00011470234989475392,0.0007193750723209706,0.0006188021817217,0.00042042566203504645,0.00041677216180746856
SULFATE-CYS-PWY,0.0002000299617786344,0.0037102761578678136,0.004395906248695892,0.003939966553147306,0.004854824787376447,0.004202288018844705,0.005279342659733256
TCA,0.001184003839815461,0.005437722387707851,0.006737477027864523,0.005786902333243403,0.006356233201062175,0.006848474286655241,0.0071976495299424376
TCA-GLYOX-BYPASS,4.285812139055899e-05,0.0016011902539648593,0.0029873293677792566,0.0027712228868785674,0.00388748223525491,0.003132409598130634,0.004318822398110885
TEICHOICACID-PWY,0.0,7.591210991991146e-05,9.687593476535741e-05,0.0008615269959843102,0.0002327465579531931,0.00022391197763840207,6.577617646917706e-05
THISYN-PWY,0.0036724274056250594,0.003961647989330803,0.004305079399244775,0.0042659228548067125,0.00365118095348791,0.004431004857165203,0.003155448866014951
THREOCAT-PWY,8.221303239133436e-07,0.0,3.475969667861746e-05,0.0006485571997378237,6.472529639364998e-05,6.719264664773046e-05,0.0
THRESYN-PWY,0.013579152683433439,0.00833639124196819,0.007108093476391592,0.006660992464190693,0.0060422711671028004,0.006589837694247944,0.005862554394871624
TRNA-CHARGING-PWY,0.007682600913028688,0.00817960344292988,0.006263188342302128,0.005885839688935379,0.005429239569763515,0.006045509273465591,0.005290644595443356
TRPSYN-PWY,0.012510366545706746,0.0059275331108313645,0.006071842514662876,0.005724053492973922,0.005467405556107554,0.006463822755908447,0.0056887181186088915
TYRFUMCAT-PWY,1.410666353541789e-05,0.0007465723590512086,0.001244502368484239,0.0013758272300118466,0.0014601407888961125,0.0009944704423712934,0.0019085937577054928
UBISYN-PWY,2.2038431602022342e-05,0.001410401219380834,0.0032287667778536848,0.002470891543871793,0.003249399495451306,0.0027194066766354935,0.0037082314877354065
UDPNAGSYN-PWY,0.012275378488892872,0.007577133420188063,0.005746738529102635,0.004973563027529447,0.005206606403581519,0.006238206581112554,0.005009887915019294
VALDEG-PWY,0.0,1.565933401881727e-05,2.2415758040690814e-05,0.0,9.191755398892451e-06,1.368095159634935e-06,2.782849688844261e-05
VALSYN-PWY,0.013391623575020982,0.007993575587027976,0.00816785432321295,0.007843129432773072,0.00800190328539758,0.008104152658915164,0.007935827671452397
